"train","data/jrc_fly-vnc-1/jrc_fly-vnc-1.zarr","recon-1/em/fibsem-uint8","data/jrc_fly-vnc-1/jrc_fly-vnc-1.zarr","recon-1/labels/groundtruth/crop173/[nuc,er]"
"train","data/jrc_fly-vnc-1/jrc_fly-vnc-1.zarr","recon-1/em/fibsem-uint8","data/jrc_fly-vnc-1/jrc_fly-vnc-1.zarr","recon-1/labels/groundtruth/crop79/[nuc,er]"
"train","data/jrc_fly-vnc-1/jrc_fly-vnc-1.zarr","recon-1/em/fibsem-uint8","data/jrc_fly-vnc-1/jrc_fly-vnc-1.zarr","recon-1/labels/groundtruth/crop176/[nuc,er]"
"train","data/jrc_fly-vnc-1/jrc_fly-vnc-1.zarr","recon-1/em/fibsem-uint8","data/jrc_fly-vnc-1/jrc_fly-vnc-1.zarr","recon-1/labels/groundtruth/crop78/[nuc,er]"
"train","data/jrc_fly-vnc-1/jrc_fly-vnc-1.zarr","recon-1/em/fibsem-uint8","data/jrc_fly-vnc-1/jrc_fly-vnc-1.zarr","recon-1/labels/groundtruth/crop185/[nuc,er]"
"train","data/jrc_fly-vnc-1/jrc_fly-vnc-1.zarr","recon-1/em/fibsem-uint8","data/jrc_fly-vnc-1/jrc_fly-vnc-1.zarr","recon-1/labels/groundtruth/crop174/[nuc,er]"
"train","data/jrc_mus-liver-zon-1/jrc_mus-liver-zon-1.zarr","recon-1/em/fibsem-uint8","data/jrc_mus-liver-zon-1/jrc_mus-liver-zon-1.zarr","recon-1/labels/groundtruth/crop270/[nuc,er]"
"train","data/jrc_mus-liver-zon-1/jrc_mus-liver-zon-1.zarr","recon-1/em/fibsem-uint8","data/jrc_mus-liver-zon-1/jrc_mus-liver-zon-1.zarr","recon-1/labels/groundtruth/crop277/[nuc,er]"
"train","data/jrc_mus-liver-zon-1/jrc_mus-liver-zon-1.zarr","recon-1/em/fibsem-uint8","data/jrc_mus-liver-zon-1/jrc_mus-liver-zon-1.zarr","recon-1/labels/groundtruth/crop326/[nuc,er]"
"train","data/jrc_mus-liver-zon-1/jrc_mus-liver-zon-1.zarr","recon-1/em/fibsem-uint8","data/jrc_mus-liver-zon-1/jrc_mus-liver-zon-1.zarr","recon-1/labels/groundtruth/crop320/[nuc,er]"
"train","data/jrc_mus-liver-zon-1/jrc_mus-liver-zon-1.zarr","recon-1/em/fibsem-uint8","data/jrc_mus-liver-zon-1/jrc_mus-liver-zon-1.zarr","recon-1/labels/groundtruth/crop289/[nuc]"
"train","data/jrc_mus-liver-zon-1/jrc_mus-liver-zon-1.zarr","recon-1/em/fibsem-uint8","data/jrc_mus-liver-zon-1/jrc_mus-liver-zon-1.zarr","recon-1/labels/groundtruth/crop323/[nuc,er]"
"train","data/jrc_mus-liver-zon-1/jrc_mus-liver-zon-1.zarr","recon-1/em/fibsem-uint8","data/jrc_mus-liver-zon-1/jrc_mus-liver-zon-1.zarr","recon-1/labels/groundtruth/crop269/[nuc,er]"
"validate","data/jrc_mus-liver-zon-1/jrc_mus-liver-zon-1.zarr","recon-1/em/fibsem-uint8","data/jrc_mus-liver-zon-1/jrc_mus-liver-zon-1.zarr","recon-1/labels/groundtruth/crop324/[nuc]"
"train","data/jrc_mus-liver-zon-1/jrc_mus-liver-zon-1.zarr","recon-1/em/fibsem-uint8","data/jrc_mus-liver-zon-1/jrc_mus-liver-zon-1.zarr","recon-1/labels/groundtruth/crop345/[nuc]"
"train","data/jrc_mus-liver-zon-1/jrc_mus-liver-zon-1.zarr","recon-1/em/fibsem-uint8","data/jrc_mus-liver-zon-1/jrc_mus-liver-zon-1.zarr","recon-1/labels/groundtruth/crop322/[nuc,er]"
"train","data/jrc_mus-liver-zon-1/jrc_mus-liver-zon-1.zarr","recon-1/em/fibsem-uint8","data/jrc_mus-liver-zon-1/jrc_mus-liver-zon-1.zarr","recon-1/labels/groundtruth/crop279/[nuc,er]"
"train","data/jrc_mus-liver-zon-1/jrc_mus-liver-zon-1.zarr","recon-1/em/fibsem-uint8","data/jrc_mus-liver-zon-1/jrc_mus-liver-zon-1.zarr","recon-1/labels/groundtruth/crop313/[nuc,er]"
"train","data/jrc_mus-liver-zon-1/jrc_mus-liver-zon-1.zarr","recon-1/em/fibsem-uint8","data/jrc_mus-liver-zon-1/jrc_mus-liver-zon-1.zarr","recon-1/labels/groundtruth/crop319/[nuc,er]"
"train","data/jrc_mus-liver-zon-1/jrc_mus-liver-zon-1.zarr","recon-1/em/fibsem-uint8","data/jrc_mus-liver-zon-1/jrc_mus-liver-zon-1.zarr","recon-1/labels/groundtruth/crop386/[nuc]"
"train","data/jrc_mus-liver-zon-1/jrc_mus-liver-zon-1.zarr","recon-1/em/fibsem-uint8","data/jrc_mus-liver-zon-1/jrc_mus-liver-zon-1.zarr","recon-1/labels/groundtruth/crop272/[nuc,er]"
"train","data/jrc_mus-liver-zon-1/jrc_mus-liver-zon-1.zarr","recon-1/em/fibsem-uint8","data/jrc_mus-liver-zon-1/jrc_mus-liver-zon-1.zarr","recon-1/labels/groundtruth/crop298/[nuc,er]"
"validate","data/jrc_mus-liver-zon-1/jrc_mus-liver-zon-1.zarr","recon-1/em/fibsem-uint8","data/jrc_mus-liver-zon-1/jrc_mus-liver-zon-1.zarr","recon-1/labels/groundtruth/crop266/[nuc,er]"
"train","data/jrc_mus-liver-zon-1/jrc_mus-liver-zon-1.zarr","recon-1/em/fibsem-uint8","data/jrc_mus-liver-zon-1/jrc_mus-liver-zon-1.zarr","recon-1/labels/groundtruth/crop337/[nuc]"
"train","data/jrc_mus-liver-zon-1/jrc_mus-liver-zon-1.zarr","recon-1/em/fibsem-uint8","data/jrc_mus-liver-zon-1/jrc_mus-liver-zon-1.zarr","recon-1/labels/groundtruth/crop413/[nuc]"
"validate","data/jrc_mus-liver-zon-1/jrc_mus-liver-zon-1.zarr","recon-1/em/fibsem-uint8","data/jrc_mus-liver-zon-1/jrc_mus-liver-zon-1.zarr","recon-1/labels/groundtruth/crop276/[nuc,er]"
"train","data/jrc_mus-liver-zon-1/jrc_mus-liver-zon-1.zarr","recon-1/em/fibsem-uint8","data/jrc_mus-liver-zon-1/jrc_mus-liver-zon-1.zarr","recon-1/labels/groundtruth/crop351/[nuc]"
"train","data/jrc_mus-liver-zon-1/jrc_mus-liver-zon-1.zarr","recon-1/em/fibsem-uint8","data/jrc_mus-liver-zon-1/jrc_mus-liver-zon-1.zarr","recon-1/labels/groundtruth/crop274/[nuc,er]"
"train","data/jrc_mus-liver-zon-1/jrc_mus-liver-zon-1.zarr","recon-1/em/fibsem-uint8","data/jrc_mus-liver-zon-1/jrc_mus-liver-zon-1.zarr","recon-1/labels/groundtruth/crop280/[nuc,er]"
"validate","data/jrc_mus-liver-zon-1/jrc_mus-liver-zon-1.zarr","recon-1/em/fibsem-uint8","data/jrc_mus-liver-zon-1/jrc_mus-liver-zon-1.zarr","recon-1/labels/groundtruth/crop267/[nuc,er]"
"validate","data/jrc_mus-liver-zon-1/jrc_mus-liver-zon-1.zarr","recon-1/em/fibsem-uint8","data/jrc_mus-liver-zon-1/jrc_mus-liver-zon-1.zarr","recon-1/labels/groundtruth/crop273/[nuc,er]"
"train","data/jrc_mus-liver-zon-1/jrc_mus-liver-zon-1.zarr","recon-1/em/fibsem-uint8","data/jrc_mus-liver-zon-1/jrc_mus-liver-zon-1.zarr","recon-1/labels/groundtruth/crop321/[nuc,er]"
"train","data/jrc_mus-liver-zon-1/jrc_mus-liver-zon-1.zarr","recon-1/em/fibsem-uint8","data/jrc_mus-liver-zon-1/jrc_mus-liver-zon-1.zarr","recon-1/labels/groundtruth/crop346/[nuc]"
"train","data/jrc_mus-liver-zon-1/jrc_mus-liver-zon-1.zarr","recon-1/em/fibsem-uint8","data/jrc_mus-liver-zon-1/jrc_mus-liver-zon-1.zarr","recon-1/labels/groundtruth/crop325/[nuc,er]"
"train","data/jrc_mus-liver-zon-1/jrc_mus-liver-zon-1.zarr","recon-1/em/fibsem-uint8","data/jrc_mus-liver-zon-1/jrc_mus-liver-zon-1.zarr","recon-1/labels/groundtruth/crop268/[nuc,er]"
"train","data/jrc_mus-liver-zon-1/jrc_mus-liver-zon-1.zarr","recon-1/em/fibsem-uint8","data/jrc_mus-liver-zon-1/jrc_mus-liver-zon-1.zarr","recon-1/labels/groundtruth/crop278/[nuc,er]"
"train","data/jrc_mus-liver-zon-1/jrc_mus-liver-zon-1.zarr","recon-1/em/fibsem-uint8","data/jrc_mus-liver-zon-1/jrc_mus-liver-zon-1.zarr","recon-1/labels/groundtruth/crop412/[nuc]"
"train","data/jrc_mus-liver-zon-1/jrc_mus-liver-zon-1.zarr","recon-1/em/fibsem-uint8","data/jrc_mus-liver-zon-1/jrc_mus-liver-zon-1.zarr","recon-1/labels/groundtruth/crop275/[nuc,er]"
"train","data/jrc_mus-liver-zon-1/jrc_mus-liver-zon-1.zarr","recon-1/em/fibsem-uint8","data/jrc_mus-liver-zon-1/jrc_mus-liver-zon-1.zarr","recon-1/labels/groundtruth/crop349/[nuc]"
"train","data/jrc_mus-liver-zon-1/jrc_mus-liver-zon-1.zarr","recon-1/em/fibsem-uint8","data/jrc_mus-liver-zon-1/jrc_mus-liver-zon-1.zarr","recon-1/labels/groundtruth/crop336/[nuc]"
"train","data/jrc_mus-liver-zon-1/jrc_mus-liver-zon-1.zarr","recon-1/em/fibsem-uint8","data/jrc_mus-liver-zon-1/jrc_mus-liver-zon-1.zarr","recon-1/labels/groundtruth/crop377/[nuc,er]"
"train","data/jrc_mus-liver-zon-1/jrc_mus-liver-zon-1.zarr","recon-1/em/fibsem-uint8","data/jrc_mus-liver-zon-1/jrc_mus-liver-zon-1.zarr","recon-1/labels/groundtruth/crop410/[nuc]"
"train","data/jrc_mus-liver/jrc_mus-liver.zarr","recon-1/em/fibsem-uint8","data/jrc_mus-liver/jrc_mus-liver.zarr","recon-1/labels/groundtruth/crop145/[nuc,er]"
"train","data/jrc_mus-liver/jrc_mus-liver.zarr","recon-1/em/fibsem-uint8","data/jrc_mus-liver/jrc_mus-liver.zarr","recon-1/labels/groundtruth/crop131/[nuc,er]"
"train","data/jrc_mus-liver/jrc_mus-liver.zarr","recon-1/em/fibsem-uint8","data/jrc_mus-liver/jrc_mus-liver.zarr","recon-1/labels/groundtruth/crop135/[nuc,er]"
"train","data/jrc_mus-liver/jrc_mus-liver.zarr","recon-1/em/fibsem-uint8","data/jrc_mus-liver/jrc_mus-liver.zarr","recon-1/labels/groundtruth/crop172/[nuc,er]"
"train","data/jrc_mus-liver/jrc_mus-liver.zarr","recon-1/em/fibsem-uint8","data/jrc_mus-liver/jrc_mus-liver.zarr","recon-1/labels/groundtruth/crop136/[nuc,er]"
"train","data/jrc_mus-liver/jrc_mus-liver.zarr","recon-1/em/fibsem-uint8","data/jrc_mus-liver/jrc_mus-liver.zarr","recon-1/labels/groundtruth/crop151/[nuc,er]"
"train","data/jrc_mus-liver/jrc_mus-liver.zarr","recon-1/em/fibsem-uint8","data/jrc_mus-liver/jrc_mus-liver.zarr","recon-1/labels/groundtruth/crop132/[nuc,er]"
"train","data/jrc_mus-liver/jrc_mus-liver.zarr","recon-1/em/fibsem-uint8","data/jrc_mus-liver/jrc_mus-liver.zarr","recon-1/labels/groundtruth/crop142/[nuc,er]"
"train","data/jrc_mus-liver/jrc_mus-liver.zarr","recon-1/em/fibsem-uint8","data/jrc_mus-liver/jrc_mus-liver.zarr","recon-1/labels/groundtruth/crop143/[nuc,er]"
"train","data/jrc_mus-liver/jrc_mus-liver.zarr","recon-1/em/fibsem-uint8","data/jrc_mus-liver/jrc_mus-liver.zarr","recon-1/labels/groundtruth/crop144/[nuc,er]"
"train","data/jrc_mus-liver/jrc_mus-liver.zarr","recon-1/em/fibsem-uint8","data/jrc_mus-liver/jrc_mus-liver.zarr","recon-1/labels/groundtruth/crop150/[nuc,er]"
"train","data/jrc_mus-liver/jrc_mus-liver.zarr","recon-1/em/fibsem-uint8","data/jrc_mus-liver/jrc_mus-liver.zarr","recon-1/labels/groundtruth/crop137/[nuc,er]"
"train","data/jrc_mus-liver/jrc_mus-liver.zarr","recon-1/em/fibsem-uint8","data/jrc_mus-liver/jrc_mus-liver.zarr","recon-1/labels/groundtruth/crop139/[nuc,er]"
"train","data/jrc_mus-liver/jrc_mus-liver.zarr","recon-1/em/fibsem-uint8","data/jrc_mus-liver/jrc_mus-liver.zarr","recon-1/labels/groundtruth/crop175/[nuc,er]"
"train","data/jrc_mus-liver/jrc_mus-liver.zarr","recon-1/em/fibsem-uint8","data/jrc_mus-liver/jrc_mus-liver.zarr","recon-1/labels/groundtruth/crop171/[nuc,er]"
"validate","data/jrc_mus-liver/jrc_mus-liver.zarr","recon-1/em/fibsem-uint8","data/jrc_mus-liver/jrc_mus-liver.zarr","recon-1/labels/groundtruth/crop417/[nuc,er]"
"train","data/jrc_mus-liver/jrc_mus-liver.zarr","recon-1/em/fibsem-uint8","data/jrc_mus-liver/jrc_mus-liver.zarr","recon-1/labels/groundtruth/crop416/[nuc,er]"
"train","data/jrc_mus-liver/jrc_mus-liver.zarr","recon-1/em/fibsem-uint8","data/jrc_mus-liver/jrc_mus-liver.zarr","recon-1/labels/groundtruth/crop177/[nuc]"
"train","data/jrc_mus-liver/jrc_mus-liver.zarr","recon-1/em/fibsem-uint8","data/jrc_mus-liver/jrc_mus-liver.zarr","recon-1/labels/groundtruth/crop133/[nuc,er]"
"train","data/jrc_mus-liver/jrc_mus-liver.zarr","recon-1/em/fibsem-uint8","data/jrc_mus-liver/jrc_mus-liver.zarr","recon-1/labels/groundtruth/crop125/[nuc,er]"
"train","data/jrc_mus-liver/jrc_mus-liver.zarr","recon-1/em/fibsem-uint8","data/jrc_mus-liver/jrc_mus-liver.zarr","recon-1/labels/groundtruth/crop183/[nuc,er]"
"train","data/jrc_mus-liver/jrc_mus-liver.zarr","recon-1/em/fibsem-uint8","data/jrc_mus-liver/jrc_mus-liver.zarr","recon-1/labels/groundtruth/crop157/[nuc,er]"
"train","data/jrc_mus-liver/jrc_mus-liver.zarr","recon-1/em/fibsem-uint8","data/jrc_mus-liver/jrc_mus-liver.zarr","recon-1/labels/groundtruth/crop124/[nuc,er]"
"train","data/jrc_mus-liver/jrc_mus-liver.zarr","recon-1/em/fibsem-uint8","data/jrc_mus-liver/jrc_mus-liver.zarr","recon-1/labels/groundtruth/crop138/[nuc,er]"
"train","data/jrc_mus-kidney-3/jrc_mus-kidney-3.zarr","recon-1/em/fibsem-uint8","data/jrc_mus-kidney-3/jrc_mus-kidney-3.zarr","recon-1/labels/groundtruth/crop472/[nuc]"
"train","data/jrc_zf-cardiac-1/jrc_zf-cardiac-1.zarr","recon-1/em/fibsem-uint8","data/jrc_zf-cardiac-1/jrc_zf-cardiac-1.zarr","recon-1/labels/groundtruth/crop379/[nuc]"
"train","data/jrc_zf-cardiac-1/jrc_zf-cardiac-1.zarr","recon-1/em/fibsem-uint8","data/jrc_zf-cardiac-1/jrc_zf-cardiac-1.zarr","recon-1/labels/groundtruth/crop378/[nuc]"
"validate","data/jrc_hela-2/jrc_hela-2.zarr","recon-1/em/fibsem-uint8","data/jrc_hela-2/jrc_hela-2.zarr","recon-1/labels/groundtruth/crop113/[nuc,er]"
"validate","data/jrc_hela-2/jrc_hela-2.zarr","recon-1/em/fibsem-uint8","data/jrc_hela-2/jrc_hela-2.zarr","recon-1/labels/groundtruth/crop58/[nuc,er]"
"train","data/jrc_hela-2/jrc_hela-2.zarr","recon-1/em/fibsem-uint8","data/jrc_hela-2/jrc_hela-2.zarr","recon-1/labels/groundtruth/crop23/[nuc,er]"
"train","data/jrc_hela-2/jrc_hela-2.zarr","recon-1/em/fibsem-uint8","data/jrc_hela-2/jrc_hela-2.zarr","recon-1/labels/groundtruth/crop7/[nuc,er]"
"train","data/jrc_hela-2/jrc_hela-2.zarr","recon-1/em/fibsem-uint8","data/jrc_hela-2/jrc_hela-2.zarr","recon-1/labels/groundtruth/crop57/[nuc,er]"
"train","data/jrc_hela-2/jrc_hela-2.zarr","recon-1/em/fibsem-uint8","data/jrc_hela-2/jrc_hela-2.zarr","recon-1/labels/groundtruth/crop59/[nuc,er]"
"train","data/jrc_hela-2/jrc_hela-2.zarr","recon-1/em/fibsem-uint8","data/jrc_hela-2/jrc_hela-2.zarr","recon-1/labels/groundtruth/crop15/[nuc,er]"
"train","data/jrc_hela-2/jrc_hela-2.zarr","recon-1/em/fibsem-uint8","data/jrc_hela-2/jrc_hela-2.zarr","recon-1/labels/groundtruth/crop95/[nuc,er]"
"train","data/jrc_hela-2/jrc_hela-2.zarr","recon-1/em/fibsem-uint8","data/jrc_hela-2/jrc_hela-2.zarr","recon-1/labels/groundtruth/crop55/[nuc,er]"
"train","data/jrc_hela-2/jrc_hela-2.zarr","recon-1/em/fibsem-uint8","data/jrc_hela-2/jrc_hela-2.zarr","recon-1/labels/groundtruth/crop9/[nuc,er]"
"train","data/jrc_hela-2/jrc_hela-2.zarr","recon-1/em/fibsem-uint8","data/jrc_hela-2/jrc_hela-2.zarr","recon-1/labels/groundtruth/crop8/[nuc,er]"
"train","data/jrc_hela-2/jrc_hela-2.zarr","recon-1/em/fibsem-uint8","data/jrc_hela-2/jrc_hela-2.zarr","recon-1/labels/groundtruth/crop18/[nuc,er]"
"validate","data/jrc_hela-2/jrc_hela-2.zarr","recon-1/em/fibsem-uint8","data/jrc_hela-2/jrc_hela-2.zarr","recon-1/labels/groundtruth/crop13/[nuc,er]"
"train","data/jrc_hela-2/jrc_hela-2.zarr","recon-1/em/fibsem-uint8","data/jrc_hela-2/jrc_hela-2.zarr","recon-1/labels/groundtruth/crop6/[nuc,er]"
"train","data/jrc_hela-2/jrc_hela-2.zarr","recon-1/em/fibsem-uint8","data/jrc_hela-2/jrc_hela-2.zarr","recon-1/labels/groundtruth/crop96/[nuc,er]"
"train","data/jrc_hela-2/jrc_hela-2.zarr","recon-1/em/fibsem-uint8","data/jrc_hela-2/jrc_hela-2.zarr","recon-1/labels/groundtruth/crop56/[nuc,er]"
"train","data/jrc_hela-2/jrc_hela-2.zarr","recon-1/em/fibsem-uint8","data/jrc_hela-2/jrc_hela-2.zarr","recon-1/labels/groundtruth/crop3/[nuc,er]"
"validate","data/jrc_hela-2/jrc_hela-2.zarr","recon-1/em/fibsem-uint8","data/jrc_hela-2/jrc_hela-2.zarr","recon-1/labels/groundtruth/crop54/[nuc,er]"
"validate","data/jrc_hela-2/jrc_hela-2.zarr","recon-1/em/fibsem-uint8","data/jrc_hela-2/jrc_hela-2.zarr","recon-1/labels/groundtruth/crop19/[nuc,er]"
"train","data/jrc_hela-2/jrc_hela-2.zarr","recon-1/em/fibsem-uint8","data/jrc_hela-2/jrc_hela-2.zarr","recon-1/labels/groundtruth/crop94/[nuc,er]"
"train","data/jrc_hela-2/jrc_hela-2.zarr","recon-1/em/fibsem-uint8","data/jrc_hela-2/jrc_hela-2.zarr","recon-1/labels/groundtruth/crop16/[nuc,er]"
"train","data/jrc_hela-2/jrc_hela-2.zarr","recon-1/em/fibsem-uint8","data/jrc_hela-2/jrc_hela-2.zarr","recon-1/labels/groundtruth/crop4/[nuc,er]"
"train","data/jrc_hela-2/jrc_hela-2.zarr","recon-1/em/fibsem-uint8","data/jrc_hela-2/jrc_hela-2.zarr","recon-1/labels/groundtruth/crop28/[nuc,er]"
"train","data/jrc_hela-2/jrc_hela-2.zarr","recon-1/em/fibsem-uint8","data/jrc_hela-2/jrc_hela-2.zarr","recon-1/labels/groundtruth/crop1/[nuc,er]"
"train","data/jrc_hela-2/jrc_hela-2.zarr","recon-1/em/fibsem-uint8","data/jrc_hela-2/jrc_hela-2.zarr","recon-1/labels/groundtruth/crop155/[nuc,er]"
"train","data/jrc_hela-2/jrc_hela-2.zarr","recon-1/em/fibsem-uint8","data/jrc_hela-2/jrc_hela-2.zarr","recon-1/labels/groundtruth/crop14/[nuc,er]"
"validate","data/jrc_mus-kidney/jrc_mus-kidney.zarr","recon-1/em/fibsem-uint8","data/jrc_mus-kidney/jrc_mus-kidney.zarr","recon-1/labels/groundtruth/crop163/[nuc,er]"
"train","data/jrc_mus-kidney/jrc_mus-kidney.zarr","recon-1/em/fibsem-uint8","data/jrc_mus-kidney/jrc_mus-kidney.zarr","recon-1/labels/groundtruth/crop179/[nuc]"
"train","data/jrc_mus-kidney/jrc_mus-kidney.zarr","recon-1/em/fibsem-uint8","data/jrc_mus-kidney/jrc_mus-kidney.zarr","recon-1/labels/groundtruth/crop166/[nuc,er]"
"train","data/jrc_mus-kidney/jrc_mus-kidney.zarr","recon-1/em/fibsem-uint8","data/jrc_mus-kidney/jrc_mus-kidney.zarr","recon-1/labels/groundtruth/crop146/[nuc,er]"
"train","data/jrc_mus-kidney/jrc_mus-kidney.zarr","recon-1/em/fibsem-uint8","data/jrc_mus-kidney/jrc_mus-kidney.zarr","recon-1/labels/groundtruth/crop147/[nuc,er]"
"train","data/jrc_mus-kidney/jrc_mus-kidney.zarr","recon-1/em/fibsem-uint8","data/jrc_mus-kidney/jrc_mus-kidney.zarr","recon-1/labels/groundtruth/crop129/[nuc,er]"
"train","data/jrc_mus-kidney/jrc_mus-kidney.zarr","recon-1/em/fibsem-uint8","data/jrc_mus-kidney/jrc_mus-kidney.zarr","recon-1/labels/groundtruth/crop141/[nuc,er]"
"validate","data/jrc_mus-kidney/jrc_mus-kidney.zarr","recon-1/em/fibsem-uint8","data/jrc_mus-kidney/jrc_mus-kidney.zarr","recon-1/labels/groundtruth/crop164/[nuc,er]"
"train","data/jrc_mus-kidney/jrc_mus-kidney.zarr","recon-1/em/fibsem-uint8","data/jrc_mus-kidney/jrc_mus-kidney.zarr","recon-1/labels/groundtruth/crop165/[nuc,er]"
"train","data/jrc_mus-kidney/jrc_mus-kidney.zarr","recon-1/em/fibsem-uint8","data/jrc_mus-kidney/jrc_mus-kidney.zarr","recon-1/labels/groundtruth/crop184/[nuc]"
"validate","data/jrc_mus-kidney/jrc_mus-kidney.zarr","recon-1/em/fibsem-uint8","data/jrc_mus-kidney/jrc_mus-kidney.zarr","recon-1/labels/groundtruth/crop149/[nuc,er]"
"train","data/jrc_mus-kidney/jrc_mus-kidney.zarr","recon-1/em/fibsem-uint8","data/jrc_mus-kidney/jrc_mus-kidney.zarr","recon-1/labels/groundtruth/crop160/[nuc,er]"
"train","data/jrc_mus-kidney/jrc_mus-kidney.zarr","recon-1/em/fibsem-uint8","data/jrc_mus-kidney/jrc_mus-kidney.zarr","recon-1/labels/groundtruth/crop231/[nuc]"
"train","data/jrc_mus-kidney/jrc_mus-kidney.zarr","recon-1/em/fibsem-uint8","data/jrc_mus-kidney/jrc_mus-kidney.zarr","recon-1/labels/groundtruth/crop230/[nuc]"
"train","data/jrc_mus-kidney/jrc_mus-kidney.zarr","recon-1/em/fibsem-uint8","data/jrc_mus-kidney/jrc_mus-kidney.zarr","recon-1/labels/groundtruth/crop156/[nuc,er]"
"train","data/jrc_mus-kidney/jrc_mus-kidney.zarr","recon-1/em/fibsem-uint8","data/jrc_mus-kidney/jrc_mus-kidney.zarr","recon-1/labels/groundtruth/crop161/[nuc,er]"
"train","data/jrc_mus-kidney/jrc_mus-kidney.zarr","recon-1/em/fibsem-uint8","data/jrc_mus-kidney/jrc_mus-kidney.zarr","recon-1/labels/groundtruth/crop162/[nuc,er]"
"train","data/jrc_mus-kidney/jrc_mus-kidney.zarr","recon-1/em/fibsem-uint8","data/jrc_mus-kidney/jrc_mus-kidney.zarr","recon-1/labels/groundtruth/crop158/[nuc,er]"
"train","data/jrc_mus-kidney/jrc_mus-kidney.zarr","recon-1/em/fibsem-uint8","data/jrc_mus-kidney/jrc_mus-kidney.zarr","recon-1/labels/groundtruth/crop140/[nuc,er]"
"train","data/jrc_mus-kidney/jrc_mus-kidney.zarr","recon-1/em/fibsem-uint8","data/jrc_mus-kidney/jrc_mus-kidney.zarr","recon-1/labels/groundtruth/crop148/[nuc,er]"
"train","data/jrc_mus-kidney/jrc_mus-kidney.zarr","recon-1/em/fibsem-uint8","data/jrc_mus-kidney/jrc_mus-kidney.zarr","recon-1/labels/groundtruth/crop159/[nuc,er]"
"train","data/jrc_hela-3/jrc_hela-3.zarr","recon-1/em/fibsem-uint8","data/jrc_hela-3/jrc_hela-3.zarr","recon-1/labels/groundtruth/crop87/[nuc,er]"
"train","data/jrc_hela-3/jrc_hela-3.zarr","recon-1/em/fibsem-uint8","data/jrc_hela-3/jrc_hela-3.zarr","recon-1/labels/groundtruth/crop101/[nuc,er]"
"train","data/jrc_hela-3/jrc_hela-3.zarr","recon-1/em/fibsem-uint8","data/jrc_hela-3/jrc_hela-3.zarr","recon-1/labels/groundtruth/crop27/[nuc,er]"
"train","data/jrc_hela-3/jrc_hela-3.zarr","recon-1/em/fibsem-uint8","data/jrc_hela-3/jrc_hela-3.zarr","recon-1/labels/groundtruth/crop100/[nuc]"
"train","data/jrc_hela-3/jrc_hela-3.zarr","recon-1/em/fibsem-uint8","data/jrc_hela-3/jrc_hela-3.zarr","recon-1/labels/groundtruth/crop85/[nuc,er]"
"train","data/jrc_hela-3/jrc_hela-3.zarr","recon-1/em/fibsem-uint8","data/jrc_hela-3/jrc_hela-3.zarr","recon-1/labels/groundtruth/crop64/[nuc,er]"
"train","data/jrc_hela-3/jrc_hela-3.zarr","recon-1/em/fibsem-uint8","data/jrc_hela-3/jrc_hela-3.zarr","recon-1/labels/groundtruth/crop50/[nuc,er]"
"train","data/jrc_hela-3/jrc_hela-3.zarr","recon-1/em/fibsem-uint8","data/jrc_hela-3/jrc_hela-3.zarr","recon-1/labels/groundtruth/crop111/[nuc,er]"
"train","data/jrc_hela-3/jrc_hela-3.zarr","recon-1/em/fibsem-uint8","data/jrc_hela-3/jrc_hela-3.zarr","recon-1/labels/groundtruth/crop33/[nuc,er]"
"train","data/jrc_hela-3/jrc_hela-3.zarr","recon-1/em/fibsem-uint8","data/jrc_hela-3/jrc_hela-3.zarr","recon-1/labels/groundtruth/crop181/[nuc,er]"
"train","data/jrc_hela-3/jrc_hela-3.zarr","recon-1/em/fibsem-uint8","data/jrc_hela-3/jrc_hela-3.zarr","recon-1/labels/groundtruth/crop65/[nuc,er]"
"train","data/jrc_hela-3/jrc_hela-3.zarr","recon-1/em/fibsem-uint8","data/jrc_hela-3/jrc_hela-3.zarr","recon-1/labels/groundtruth/crop34/[nuc,er]"
"validate","data/jrc_hela-3/jrc_hela-3.zarr","recon-1/em/fibsem-uint8","data/jrc_hela-3/jrc_hela-3.zarr","recon-1/labels/groundtruth/crop62/[nuc,er]"
"train","data/jrc_hela-3/jrc_hela-3.zarr","recon-1/em/fibsem-uint8","data/jrc_hela-3/jrc_hela-3.zarr","recon-1/labels/groundtruth/crop60/[nuc,er]"
"train","data/jrc_hela-3/jrc_hela-3.zarr","recon-1/em/fibsem-uint8","data/jrc_hela-3/jrc_hela-3.zarr","recon-1/labels/groundtruth/crop63/[nuc,er]"
"train","data/jrc_hela-3/jrc_hela-3.zarr","recon-1/em/fibsem-uint8","data/jrc_hela-3/jrc_hela-3.zarr","recon-1/labels/groundtruth/crop86/[nuc,er]"
"train","data/jrc_hela-3/jrc_hela-3.zarr","recon-1/em/fibsem-uint8","data/jrc_hela-3/jrc_hela-3.zarr","recon-1/labels/groundtruth/crop51/[nuc,er]"
"train","data/jrc_hela-3/jrc_hela-3.zarr","recon-1/em/fibsem-uint8","data/jrc_hela-3/jrc_hela-3.zarr","recon-1/labels/groundtruth/crop61/[nuc,er]"
"train","data/jrc_mus-liver-zon-2/jrc_mus-liver-zon-2.zarr","recon-1/em/fibsem-uint8","data/jrc_mus-liver-zon-2/jrc_mus-liver-zon-2.zarr","recon-1/labels/groundtruth/crop355/[nuc]"
"train","data/jrc_mus-liver-zon-2/jrc_mus-liver-zon-2.zarr","recon-1/em/fibsem-uint8","data/jrc_mus-liver-zon-2/jrc_mus-liver-zon-2.zarr","recon-1/labels/groundtruth/crop357/[nuc]"
"train","data/jrc_mus-liver-zon-2/jrc_mus-liver-zon-2.zarr","recon-1/em/fibsem-uint8","data/jrc_mus-liver-zon-2/jrc_mus-liver-zon-2.zarr","recon-1/labels/groundtruth/crop376/[nuc,er]"
"train","data/jrc_mus-liver-zon-2/jrc_mus-liver-zon-2.zarr","recon-1/em/fibsem-uint8","data/jrc_mus-liver-zon-2/jrc_mus-liver-zon-2.zarr","recon-1/labels/groundtruth/crop368/[nuc,er]"
"train","data/jrc_mus-liver-zon-2/jrc_mus-liver-zon-2.zarr","recon-1/em/fibsem-uint8","data/jrc_mus-liver-zon-2/jrc_mus-liver-zon-2.zarr","recon-1/labels/groundtruth/crop367/[nuc]"
"train","data/jrc_mus-liver-zon-2/jrc_mus-liver-zon-2.zarr","recon-1/em/fibsem-uint8","data/jrc_mus-liver-zon-2/jrc_mus-liver-zon-2.zarr","recon-1/labels/groundtruth/crop342/[nuc,er]"
"train","data/jrc_mus-liver-zon-2/jrc_mus-liver-zon-2.zarr","recon-1/em/fibsem-uint8","data/jrc_mus-liver-zon-2/jrc_mus-liver-zon-2.zarr","recon-1/labels/groundtruth/crop341/[nuc,er]"
"train","data/jrc_mus-liver-zon-2/jrc_mus-liver-zon-2.zarr","recon-1/em/fibsem-uint8","data/jrc_mus-liver-zon-2/jrc_mus-liver-zon-2.zarr","recon-1/labels/groundtruth/crop356/[nuc]"
"validate","data/jrc_mus-liver-zon-2/jrc_mus-liver-zon-2.zarr","recon-1/em/fibsem-uint8","data/jrc_mus-liver-zon-2/jrc_mus-liver-zon-2.zarr","recon-1/labels/groundtruth/crop358/[nuc]"
"train","data/jrc_mus-liver-zon-2/jrc_mus-liver-zon-2.zarr","recon-1/em/fibsem-uint8","data/jrc_mus-liver-zon-2/jrc_mus-liver-zon-2.zarr","recon-1/labels/groundtruth/crop387/[nuc]"
"train","data/jrc_mus-liver-zon-2/jrc_mus-liver-zon-2.zarr","recon-1/em/fibsem-uint8","data/jrc_mus-liver-zon-2/jrc_mus-liver-zon-2.zarr","recon-1/labels/groundtruth/crop370/[nuc,er]"
"validate","data/jrc_mus-liver-zon-2/jrc_mus-liver-zon-2.zarr","recon-1/em/fibsem-uint8","data/jrc_mus-liver-zon-2/jrc_mus-liver-zon-2.zarr","recon-1/labels/groundtruth/crop369/[nuc,er]"
"train","data/jrc_mus-liver-zon-2/jrc_mus-liver-zon-2.zarr","recon-1/em/fibsem-uint8","data/jrc_mus-liver-zon-2/jrc_mus-liver-zon-2.zarr","recon-1/labels/groundtruth/crop333/[nuc,er]"
"train","data/jrc_mus-liver-zon-2/jrc_mus-liver-zon-2.zarr","recon-1/em/fibsem-uint8","data/jrc_mus-liver-zon-2/jrc_mus-liver-zon-2.zarr","recon-1/labels/groundtruth/crop340/[nuc,er]"
"train","data/jrc_cos7-1b/jrc_cos7-1b.zarr","recon-1/em/fibsem-uint8","data/jrc_cos7-1b/jrc_cos7-1b.zarr","recon-1/labels/groundtruth/crop258/[nuc,er]"
"train","data/jrc_cos7-1b/jrc_cos7-1b.zarr","recon-1/em/fibsem-uint8","data/jrc_cos7-1b/jrc_cos7-1b.zarr","recon-1/labels/groundtruth/crop255/[nuc,er]"
"train","data/jrc_cos7-1b/jrc_cos7-1b.zarr","recon-1/em/fibsem-uint8","data/jrc_cos7-1b/jrc_cos7-1b.zarr","recon-1/labels/groundtruth/crop249/[nuc,er]"
"train","data/jrc_cos7-1b/jrc_cos7-1b.zarr","recon-1/em/fibsem-uint8","data/jrc_cos7-1b/jrc_cos7-1b.zarr","recon-1/labels/groundtruth/crop238/[nuc]"
"train","data/jrc_cos7-1b/jrc_cos7-1b.zarr","recon-1/em/fibsem-uint8","data/jrc_cos7-1b/jrc_cos7-1b.zarr","recon-1/labels/groundtruth/crop235/[nuc,er]"
"train","data/jrc_cos7-1b/jrc_cos7-1b.zarr","recon-1/em/fibsem-uint8","data/jrc_cos7-1b/jrc_cos7-1b.zarr","recon-1/labels/groundtruth/crop259/[nuc,er]"
"train","data/jrc_cos7-1b/jrc_cos7-1b.zarr","recon-1/em/fibsem-uint8","data/jrc_cos7-1b/jrc_cos7-1b.zarr","recon-1/labels/groundtruth/crop240/[nuc,er]"
"train","data/jrc_cos7-1b/jrc_cos7-1b.zarr","recon-1/em/fibsem-uint8","data/jrc_cos7-1b/jrc_cos7-1b.zarr","recon-1/labels/groundtruth/crop291/[nuc,er]"
"train","data/jrc_cos7-1b/jrc_cos7-1b.zarr","recon-1/em/fibsem-uint8","data/jrc_cos7-1b/jrc_cos7-1b.zarr","recon-1/labels/groundtruth/crop242/[nuc,er]"
"train","data/jrc_cos7-1b/jrc_cos7-1b.zarr","recon-1/em/fibsem-uint8","data/jrc_cos7-1b/jrc_cos7-1b.zarr","recon-1/labels/groundtruth/crop245/[nuc,er]"
"train","data/jrc_cos7-1b/jrc_cos7-1b.zarr","recon-1/em/fibsem-uint8","data/jrc_cos7-1b/jrc_cos7-1b.zarr","recon-1/labels/groundtruth/crop241/[nuc,er]"
"train","data/jrc_macrophage-2/jrc_macrophage-2.zarr","recon-1/em/fibsem-uint8","data/jrc_macrophage-2/jrc_macrophage-2.zarr","recon-1/labels/groundtruth/crop39/[nuc,er]"
"train","data/jrc_macrophage-2/jrc_macrophage-2.zarr","recon-1/em/fibsem-uint8","data/jrc_macrophage-2/jrc_macrophage-2.zarr","recon-1/labels/groundtruth/crop89/[nuc,er]"
"train","data/jrc_macrophage-2/jrc_macrophage-2.zarr","recon-1/em/fibsem-uint8","data/jrc_macrophage-2/jrc_macrophage-2.zarr","recon-1/labels/groundtruth/crop48/[nuc,er]"
"validate","data/jrc_macrophage-2/jrc_macrophage-2.zarr","recon-1/em/fibsem-uint8","data/jrc_macrophage-2/jrc_macrophage-2.zarr","recon-1/labels/groundtruth/crop72/[nuc,er]"
"train","data/jrc_macrophage-2/jrc_macrophage-2.zarr","recon-1/em/fibsem-uint8","data/jrc_macrophage-2/jrc_macrophage-2.zarr","recon-1/labels/groundtruth/crop32/[nuc,er]"
"train","data/jrc_macrophage-2/jrc_macrophage-2.zarr","recon-1/em/fibsem-uint8","data/jrc_macrophage-2/jrc_macrophage-2.zarr","recon-1/labels/groundtruth/crop75/[nuc,er]"
"train","data/jrc_macrophage-2/jrc_macrophage-2.zarr","recon-1/em/fibsem-uint8","data/jrc_macrophage-2/jrc_macrophage-2.zarr","recon-1/labels/groundtruth/crop73/[nuc,er]"
"train","data/jrc_macrophage-2/jrc_macrophage-2.zarr","recon-1/em/fibsem-uint8","data/jrc_macrophage-2/jrc_macrophage-2.zarr","recon-1/labels/groundtruth/crop109/[nuc,er]"
"train","data/jrc_macrophage-2/jrc_macrophage-2.zarr","recon-1/em/fibsem-uint8","data/jrc_macrophage-2/jrc_macrophage-2.zarr","recon-1/labels/groundtruth/crop31/[nuc,er]"
"train","data/jrc_macrophage-2/jrc_macrophage-2.zarr","recon-1/em/fibsem-uint8","data/jrc_macrophage-2/jrc_macrophage-2.zarr","recon-1/labels/groundtruth/crop88/[nuc,er]"
"validate","data/jrc_macrophage-2/jrc_macrophage-2.zarr","recon-1/em/fibsem-uint8","data/jrc_macrophage-2/jrc_macrophage-2.zarr","recon-1/labels/groundtruth/crop110/[nuc,er]"
"train","data/jrc_macrophage-2/jrc_macrophage-2.zarr","recon-1/em/fibsem-uint8","data/jrc_macrophage-2/jrc_macrophage-2.zarr","recon-1/labels/groundtruth/crop42/[nuc,er]"
"train","data/jrc_macrophage-2/jrc_macrophage-2.zarr","recon-1/em/fibsem-uint8","data/jrc_macrophage-2/jrc_macrophage-2.zarr","recon-1/labels/groundtruth/crop74/[nuc,er]"
"train","data/jrc_macrophage-2/jrc_macrophage-2.zarr","recon-1/em/fibsem-uint8","data/jrc_macrophage-2/jrc_macrophage-2.zarr","recon-1/labels/groundtruth/crop76/[nuc,er]"
"train","data/jrc_macrophage-2/jrc_macrophage-2.zarr","recon-1/em/fibsem-uint8","data/jrc_macrophage-2/jrc_macrophage-2.zarr","recon-1/labels/groundtruth/crop90/[nuc,er]"
"train","data/jrc_macrophage-2/jrc_macrophage-2.zarr","recon-1/em/fibsem-uint8","data/jrc_macrophage-2/jrc_macrophage-2.zarr","recon-1/labels/groundtruth/crop40/[nuc,er]"
"train","data/jrc_macrophage-2/jrc_macrophage-2.zarr","recon-1/em/fibsem-uint8","data/jrc_macrophage-2/jrc_macrophage-2.zarr","recon-1/labels/groundtruth/crop49/[nuc,er]"
"train","data/jrc_macrophage-2/jrc_macrophage-2.zarr","recon-1/em/fibsem-uint8","data/jrc_macrophage-2/jrc_macrophage-2.zarr","recon-1/labels/groundtruth/crop77/[nuc,er]"
"train","data/jrc_sum159-4/jrc_sum159-4.zarr","recon-1/em/fibsem-uint8","data/jrc_sum159-4/jrc_sum159-4.zarr","recon-1/labels/groundtruth/crop208/[nuc,er]"
"train","data/jrc_sum159-4/jrc_sum159-4.zarr","recon-1/em/fibsem-uint8","data/jrc_sum159-4/jrc_sum159-4.zarr","recon-1/labels/groundtruth/crop212/[nuc,er]"
"train","data/jrc_sum159-4/jrc_sum159-4.zarr","recon-1/em/fibsem-uint8","data/jrc_sum159-4/jrc_sum159-4.zarr","recon-1/labels/groundtruth/crop218/[nuc,er]"
"validate","data/jrc_sum159-4/jrc_sum159-4.zarr","recon-1/em/fibsem-uint8","data/jrc_sum159-4/jrc_sum159-4.zarr","recon-1/labels/groundtruth/crop206/[nuc,er]"
"train","data/jrc_sum159-4/jrc_sum159-4.zarr","recon-1/em/fibsem-uint8","data/jrc_sum159-4/jrc_sum159-4.zarr","recon-1/labels/groundtruth/crop202/[nuc,er]"
"train","data/jrc_sum159-4/jrc_sum159-4.zarr","recon-1/em/fibsem-uint8","data/jrc_sum159-4/jrc_sum159-4.zarr","recon-1/labels/groundtruth/crop209/[nuc,er]"
"train","data/jrc_sum159-4/jrc_sum159-4.zarr","recon-1/em/fibsem-uint8","data/jrc_sum159-4/jrc_sum159-4.zarr","recon-1/labels/groundtruth/crop216/[nuc,er]"
"train","data/jrc_sum159-4/jrc_sum159-4.zarr","recon-1/em/fibsem-uint8","data/jrc_sum159-4/jrc_sum159-4.zarr","recon-1/labels/groundtruth/crop211/[nuc]"
"train","data/jrc_sum159-4/jrc_sum159-4.zarr","recon-1/em/fibsem-uint8","data/jrc_sum159-4/jrc_sum159-4.zarr","recon-1/labels/groundtruth/crop213/[nuc,er]"
"train","data/jrc_sum159-4/jrc_sum159-4.zarr","recon-1/em/fibsem-uint8","data/jrc_sum159-4/jrc_sum159-4.zarr","recon-1/labels/groundtruth/crop217/[nuc,er]"
"validate","data/jrc_sum159-4/jrc_sum159-4.zarr","recon-1/em/fibsem-uint8","data/jrc_sum159-4/jrc_sum159-4.zarr","recon-1/labels/groundtruth/crop203/[nuc,er]"
"validate","data/jrc_sum159-4/jrc_sum159-4.zarr","recon-1/em/fibsem-uint8","data/jrc_sum159-4/jrc_sum159-4.zarr","recon-1/labels/groundtruth/crop210/[nuc,er]"
"train","data/jrc_sum159-4/jrc_sum159-4.zarr","recon-1/em/fibsem-uint8","data/jrc_sum159-4/jrc_sum159-4.zarr","recon-1/labels/groundtruth/crop219/[nuc,er]"
"train","data/jrc_sum159-4/jrc_sum159-4.zarr","recon-1/em/fibsem-uint8","data/jrc_sum159-4/jrc_sum159-4.zarr","recon-1/labels/groundtruth/crop187/[nuc,er]"
"train","data/jrc_sum159-4/jrc_sum159-4.zarr","recon-1/em/fibsem-uint8","data/jrc_sum159-4/jrc_sum159-4.zarr","recon-1/labels/groundtruth/crop188/[nuc,er]"
"train","data/jrc_sum159-4/jrc_sum159-4.zarr","recon-1/em/fibsem-uint8","data/jrc_sum159-4/jrc_sum159-4.zarr","recon-1/labels/groundtruth/crop201/[nuc,er]"
"train","data/jrc_sum159-4/jrc_sum159-4.zarr","recon-1/em/fibsem-uint8","data/jrc_sum159-4/jrc_sum159-4.zarr","recon-1/labels/groundtruth/crop186/[nuc,er]"
"train","data/jrc_sum159-4/jrc_sum159-4.zarr","recon-1/em/fibsem-uint8","data/jrc_sum159-4/jrc_sum159-4.zarr","recon-1/labels/groundtruth/crop189/[nuc,er]"
"train","data/jrc_jurkat-1/jrc_jurkat-1.zarr","recon-1/em/fibsem-uint8","data/jrc_jurkat-1/jrc_jurkat-1.zarr","recon-1/labels/groundtruth/crop182/[nuc,er]"
"train","data/jrc_jurkat-1/jrc_jurkat-1.zarr","recon-1/em/fibsem-uint8","data/jrc_jurkat-1/jrc_jurkat-1.zarr","recon-1/labels/groundtruth/crop126/[nuc,er]"
"train","data/jrc_jurkat-1/jrc_jurkat-1.zarr","recon-1/em/fibsem-uint8","data/jrc_jurkat-1/jrc_jurkat-1.zarr","recon-1/labels/groundtruth/crop68/[nuc,er]"
"train","data/jrc_jurkat-1/jrc_jurkat-1.zarr","recon-1/em/fibsem-uint8","data/jrc_jurkat-1/jrc_jurkat-1.zarr","recon-1/labels/groundtruth/crop43/[nuc,er]"
"train","data/jrc_jurkat-1/jrc_jurkat-1.zarr","recon-1/em/fibsem-uint8","data/jrc_jurkat-1/jrc_jurkat-1.zarr","recon-1/labels/groundtruth/crop69/[nuc,er]"
"train","data/jrc_jurkat-1/jrc_jurkat-1.zarr","recon-1/em/fibsem-uint8","data/jrc_jurkat-1/jrc_jurkat-1.zarr","recon-1/labels/groundtruth/crop71/[nuc,er]"
"train","data/jrc_jurkat-1/jrc_jurkat-1.zarr","recon-1/em/fibsem-uint8","data/jrc_jurkat-1/jrc_jurkat-1.zarr","recon-1/labels/groundtruth/crop70/[nuc,er]"
"train","data/jrc_jurkat-1/jrc_jurkat-1.zarr","recon-1/em/fibsem-uint8","data/jrc_jurkat-1/jrc_jurkat-1.zarr","recon-1/labels/groundtruth/crop37/[nuc,er]"
"train","data/jrc_jurkat-1/jrc_jurkat-1.zarr","recon-1/em/fibsem-uint8","data/jrc_jurkat-1/jrc_jurkat-1.zarr","recon-1/labels/groundtruth/crop107/[nuc,er]"
"train","data/jrc_jurkat-1/jrc_jurkat-1.zarr","recon-1/em/fibsem-uint8","data/jrc_jurkat-1/jrc_jurkat-1.zarr","recon-1/labels/groundtruth/crop35/[nuc,er]"
"train","data/jrc_jurkat-1/jrc_jurkat-1.zarr","recon-1/em/fibsem-uint8","data/jrc_jurkat-1/jrc_jurkat-1.zarr","recon-1/labels/groundtruth/crop92/[nuc,er]"
"train","data/jrc_jurkat-1/jrc_jurkat-1.zarr","recon-1/em/fibsem-uint8","data/jrc_jurkat-1/jrc_jurkat-1.zarr","recon-1/labels/groundtruth/crop66/[nuc,er]"
"train","data/jrc_jurkat-1/jrc_jurkat-1.zarr","recon-1/em/fibsem-uint8","data/jrc_jurkat-1/jrc_jurkat-1.zarr","recon-1/labels/groundtruth/crop36/[nuc,er]"
"train","data/jrc_jurkat-1/jrc_jurkat-1.zarr","recon-1/em/fibsem-uint8","data/jrc_jurkat-1/jrc_jurkat-1.zarr","recon-1/labels/groundtruth/crop112/[nuc,er]"
"validate","data/jrc_jurkat-1/jrc_jurkat-1.zarr","recon-1/em/fibsem-uint8","data/jrc_jurkat-1/jrc_jurkat-1.zarr","recon-1/labels/groundtruth/crop93/[nuc,er]"
"validate","data/jrc_jurkat-1/jrc_jurkat-1.zarr","recon-1/em/fibsem-uint8","data/jrc_jurkat-1/jrc_jurkat-1.zarr","recon-1/labels/groundtruth/crop91/[nuc,er]"
"train","data/jrc_jurkat-1/jrc_jurkat-1.zarr","recon-1/em/fibsem-uint8","data/jrc_jurkat-1/jrc_jurkat-1.zarr","recon-1/labels/groundtruth/crop47/[nuc,er]"
"train","data/jrc_jurkat-1/jrc_jurkat-1.zarr","recon-1/em/fibsem-uint8","data/jrc_jurkat-1/jrc_jurkat-1.zarr","recon-1/labels/groundtruth/crop67/[nuc,er]"
"train","data/jrc_jurkat-1/jrc_jurkat-1.zarr","recon-1/em/fibsem-uint8","data/jrc_jurkat-1/jrc_jurkat-1.zarr","recon-1/labels/groundtruth/crop38/[nuc,er]"
"train","data/jrc_jurkat-1/jrc_jurkat-1.zarr","recon-1/em/fibsem-uint8","data/jrc_jurkat-1/jrc_jurkat-1.zarr","recon-1/labels/groundtruth/crop180/[nuc,er]"
"train","data/jrc_mus-heart-1/jrc_mus-heart-1.zarr","recon-1/em/fibsem-uint8","data/jrc_mus-heart-1/jrc_mus-heart-1.zarr","recon-1/labels/groundtruth/crop452/[nuc]"
"train","data/jrc_mus-heart-1/jrc_mus-heart-1.zarr","recon-1/em/fibsem-uint8","data/jrc_mus-heart-1/jrc_mus-heart-1.zarr","recon-1/labels/groundtruth/crop423/[nuc]"
"train","data/jrc_fly-mb-1a/jrc_fly-mb-1a.zarr","recon-1/em/fibsem-uint8","data/jrc_fly-mb-1a/jrc_fly-mb-1a.zarr","recon-1/labels/groundtruth/crop123/[nuc,er]"
"train","data/jrc_fly-mb-1a/jrc_fly-mb-1a.zarr","recon-1/em/fibsem-uint8","data/jrc_fly-mb-1a/jrc_fly-mb-1a.zarr","recon-1/labels/groundtruth/crop134/[nuc,er]"
"train","data/jrc_fly-mb-1a/jrc_fly-mb-1a.zarr","recon-1/em/fibsem-uint8","data/jrc_fly-mb-1a/jrc_fly-mb-1a.zarr","recon-1/labels/groundtruth/crop121/[nuc,er]"
"train","data/jrc_fly-mb-1a/jrc_fly-mb-1a.zarr","recon-1/em/fibsem-uint8","data/jrc_fly-mb-1a/jrc_fly-mb-1a.zarr","recon-1/labels/groundtruth/crop120/[nuc,er]"
"train","data/jrc_fly-mb-1a/jrc_fly-mb-1a.zarr","recon-1/em/fibsem-uint8","data/jrc_fly-mb-1a/jrc_fly-mb-1a.zarr","recon-1/labels/groundtruth/crop178/[nuc,er]"
"validate","data/jrc_fly-mb-1a/jrc_fly-mb-1a.zarr","recon-1/em/fibsem-uint8","data/jrc_fly-mb-1a/jrc_fly-mb-1a.zarr","recon-1/labels/groundtruth/crop122/[nuc,er]"
"train","data/jrc_mus-liver-3/jrc_mus-liver-3.zarr","recon-1/em/fibsem-uint8","data/jrc_mus-liver-3/jrc_mus-liver-3.zarr","recon-1/labels/groundtruth/crop473/[nuc]"
"train","data/jrc_ctl-id8-1/jrc_ctl-id8-1.zarr","recon-1/em/fibsem-uint8","data/jrc_ctl-id8-1/jrc_ctl-id8-1.zarr","recon-1/labels/groundtruth/crop117/[nuc,er]"
"train","data/jrc_ctl-id8-1/jrc_ctl-id8-1.zarr","recon-1/em/fibsem-uint8","data/jrc_ctl-id8-1/jrc_ctl-id8-1.zarr","recon-1/labels/groundtruth/crop130/[nuc,er]"
"train","data/jrc_ctl-id8-1/jrc_ctl-id8-1.zarr","recon-1/em/fibsem-uint8","data/jrc_ctl-id8-1/jrc_ctl-id8-1.zarr","recon-1/labels/groundtruth/crop116/[nuc,er]"
"train","data/jrc_ctl-id8-1/jrc_ctl-id8-1.zarr","recon-1/em/fibsem-uint8","data/jrc_ctl-id8-1/jrc_ctl-id8-1.zarr","recon-1/labels/groundtruth/crop119/[nuc,er]"
"train","data/jrc_ctl-id8-1/jrc_ctl-id8-1.zarr","recon-1/em/fibsem-uint8","data/jrc_ctl-id8-1/jrc_ctl-id8-1.zarr","recon-1/labels/groundtruth/crop118/[nuc,er]"
"train","data/jrc_sum159-1/jrc_sum159-1.zarr","recon-1/em/fibsem-uint8","data/jrc_sum159-1/jrc_sum159-1.zarr","recon-1/labels/groundtruth/crop25/[nuc,er]"
"train","data/jrc_sum159-1/jrc_sum159-1.zarr","recon-1/em/fibsem-uint8","data/jrc_sum159-1/jrc_sum159-1.zarr","recon-1/labels/groundtruth/crop82/[nuc,er]"
"train","data/jrc_sum159-1/jrc_sum159-1.zarr","recon-1/em/fibsem-uint8","data/jrc_sum159-1/jrc_sum159-1.zarr","recon-1/labels/groundtruth/crop84/[nuc,er]"
"train","data/jrc_sum159-1/jrc_sum159-1.zarr","recon-1/em/fibsem-uint8","data/jrc_sum159-1/jrc_sum159-1.zarr","recon-1/labels/groundtruth/crop99/[nuc,er]"
"validate","data/jrc_sum159-1/jrc_sum159-1.zarr","recon-1/em/fibsem-uint8","data/jrc_sum159-1/jrc_sum159-1.zarr","recon-1/labels/groundtruth/crop22/[nuc,er]"
"train","data/jrc_sum159-1/jrc_sum159-1.zarr","recon-1/em/fibsem-uint8","data/jrc_sum159-1/jrc_sum159-1.zarr","recon-1/labels/groundtruth/crop83/[nuc,er]"
"train","data/jrc_sum159-1/jrc_sum159-1.zarr","recon-1/em/fibsem-uint8","data/jrc_sum159-1/jrc_sum159-1.zarr","recon-1/labels/groundtruth/crop20/[nuc,er]"
"train","data/jrc_sum159-1/jrc_sum159-1.zarr","recon-1/em/fibsem-uint8","data/jrc_sum159-1/jrc_sum159-1.zarr","recon-1/labels/groundtruth/crop26/[nuc,er]"
"train","data/jrc_sum159-1/jrc_sum159-1.zarr","recon-1/em/fibsem-uint8","data/jrc_sum159-1/jrc_sum159-1.zarr","recon-1/labels/groundtruth/crop97/[nuc,er]"
"train","data/jrc_sum159-1/jrc_sum159-1.zarr","recon-1/em/fibsem-uint8","data/jrc_sum159-1/jrc_sum159-1.zarr","recon-1/labels/groundtruth/crop98/[nuc,er]"
"train","data/jrc_sum159-1/jrc_sum159-1.zarr","recon-1/em/fibsem-uint8","data/jrc_sum159-1/jrc_sum159-1.zarr","recon-1/labels/groundtruth/crop81/[nuc,er]"
"train","data/jrc_sum159-1/jrc_sum159-1.zarr","recon-1/em/fibsem-uint8","data/jrc_sum159-1/jrc_sum159-1.zarr","recon-1/labels/groundtruth/crop80/[nuc,er]"
"train","data/jrc_cos7-1a/jrc_cos7-1a.zarr","recon-1/em/fibsem-uint8","data/jrc_cos7-1a/jrc_cos7-1a.zarr","recon-1/labels/groundtruth/crop247/[nuc]"
"train","data/jrc_cos7-1a/jrc_cos7-1a.zarr","recon-1/em/fibsem-uint8","data/jrc_cos7-1a/jrc_cos7-1a.zarr","recon-1/labels/groundtruth/crop236/[nuc,er]"
"validate","data/jrc_cos7-1a/jrc_cos7-1a.zarr","recon-1/em/fibsem-uint8","data/jrc_cos7-1a/jrc_cos7-1a.zarr","recon-1/labels/groundtruth/crop257/[nuc]"
"train","data/jrc_cos7-1a/jrc_cos7-1a.zarr","recon-1/em/fibsem-uint8","data/jrc_cos7-1a/jrc_cos7-1a.zarr","recon-1/labels/groundtruth/crop234/[nuc,er]"
"train","data/jrc_cos7-1a/jrc_cos7-1a.zarr","recon-1/em/fibsem-uint8","data/jrc_cos7-1a/jrc_cos7-1a.zarr","recon-1/labels/groundtruth/crop248/[nuc,er]"
"train","data/jrc_cos7-1a/jrc_cos7-1a.zarr","recon-1/em/fibsem-uint8","data/jrc_cos7-1a/jrc_cos7-1a.zarr","recon-1/labels/groundtruth/crop256/[nuc,er]"
"train","data/jrc_cos7-1a/jrc_cos7-1a.zarr","recon-1/em/fibsem-uint8","data/jrc_cos7-1a/jrc_cos7-1a.zarr","recon-1/labels/groundtruth/crop239/[nuc,er]"
"train","data/jrc_cos7-1a/jrc_cos7-1a.zarr","recon-1/em/fibsem-uint8","data/jrc_cos7-1a/jrc_cos7-1a.zarr","recon-1/labels/groundtruth/crop254/[nuc,er]"
"train","data/jrc_cos7-1a/jrc_cos7-1a.zarr","recon-1/em/fibsem-uint8","data/jrc_cos7-1a/jrc_cos7-1a.zarr","recon-1/labels/groundtruth/crop237/[nuc,er]"
"train","data/jrc_cos7-1a/jrc_cos7-1a.zarr","recon-1/em/fibsem-uint8","data/jrc_cos7-1a/jrc_cos7-1a.zarr","recon-1/labels/groundtruth/crop252/[nuc,er]"
"train","data/jrc_cos7-1a/jrc_cos7-1a.zarr","recon-1/em/fibsem-uint8","data/jrc_cos7-1a/jrc_cos7-1a.zarr","recon-1/labels/groundtruth/crop243/[nuc,er]"
"train","data/jrc_cos7-1a/jrc_cos7-1a.zarr","recon-1/em/fibsem-uint8","data/jrc_cos7-1a/jrc_cos7-1a.zarr","recon-1/labels/groundtruth/crop292/[nuc,er]"
"validate","data/jrc_mus-kidney-glomerulus-2/jrc_mus-kidney-glomerulus-2.zarr","recon-1/em/fibsem-uint8","data/jrc_mus-kidney-glomerulus-2/jrc_mus-kidney-glomerulus-2.zarr","recon-1/labels/groundtruth/crop421/[nuc]"
"validate","data/jrc_mus-nacc-1/jrc_mus-nacc-1.zarr","recon-1/em/fibsem-uint8","data/jrc_mus-nacc-1/jrc_mus-nacc-1.zarr","recon-1/labels/groundtruth/crop115/[nuc,er]"
"train","data/jrc_ut21-1413-003/jrc_ut21-1413-003.zarr","recon-1/em/fibsem-uint8","data/jrc_ut21-1413-003/jrc_ut21-1413-003.zarr","recon-1/labels/groundtruth/crop191/[nuc,er]"
"train","data/jrc_ut21-1413-003/jrc_ut21-1413-003.zarr","recon-1/em/fibsem-uint8","data/jrc_ut21-1413-003/jrc_ut21-1413-003.zarr","recon-1/labels/groundtruth/crop225/[nuc,er]"
"train","data/jrc_ut21-1413-003/jrc_ut21-1413-003.zarr","recon-1/em/fibsem-uint8","data/jrc_ut21-1413-003/jrc_ut21-1413-003.zarr","recon-1/labels/groundtruth/crop190/[nuc,er]"
"train","data/jrc_ut21-1413-003/jrc_ut21-1413-003.zarr","recon-1/em/fibsem-uint8","data/jrc_ut21-1413-003/jrc_ut21-1413-003.zarr","recon-1/labels/groundtruth/crop214/[nuc,er]"
"train","data/jrc_ut21-1413-003/jrc_ut21-1413-003.zarr","recon-1/em/fibsem-uint8","data/jrc_ut21-1413-003/jrc_ut21-1413-003.zarr","recon-1/labels/groundtruth/crop227/[nuc,er]"
"train","data/jrc_ut21-1413-003/jrc_ut21-1413-003.zarr","recon-1/em/fibsem-uint8","data/jrc_ut21-1413-003/jrc_ut21-1413-003.zarr","recon-1/labels/groundtruth/crop220/[nuc,er]"
"train","data/jrc_ut21-1413-003/jrc_ut21-1413-003.zarr","recon-1/em/fibsem-uint8","data/jrc_ut21-1413-003/jrc_ut21-1413-003.zarr","recon-1/labels/groundtruth/crop195/[nuc,er]"
"train","data/jrc_ut21-1413-003/jrc_ut21-1413-003.zarr","recon-1/em/fibsem-uint8","data/jrc_ut21-1413-003/jrc_ut21-1413-003.zarr","recon-1/labels/groundtruth/crop192/[nuc,er]"
"train","data/jrc_ut21-1413-003/jrc_ut21-1413-003.zarr","recon-1/em/fibsem-uint8","data/jrc_ut21-1413-003/jrc_ut21-1413-003.zarr","recon-1/labels/groundtruth/crop199/[nuc,er]"
"validate","data/jrc_ut21-1413-003/jrc_ut21-1413-003.zarr","recon-1/em/fibsem-uint8","data/jrc_ut21-1413-003/jrc_ut21-1413-003.zarr","recon-1/labels/groundtruth/crop196/[nuc,er]"
"train","data/jrc_ut21-1413-003/jrc_ut21-1413-003.zarr","recon-1/em/fibsem-uint8","data/jrc_ut21-1413-003/jrc_ut21-1413-003.zarr","recon-1/labels/groundtruth/crop222/[nuc,er]"
"train","data/jrc_ut21-1413-003/jrc_ut21-1413-003.zarr","recon-1/em/fibsem-uint8","data/jrc_ut21-1413-003/jrc_ut21-1413-003.zarr","recon-1/labels/groundtruth/crop224/[nuc,er]"
"train","data/jrc_ut21-1413-003/jrc_ut21-1413-003.zarr","recon-1/em/fibsem-uint8","data/jrc_ut21-1413-003/jrc_ut21-1413-003.zarr","recon-1/labels/groundtruth/crop193/[nuc,er]"
"train","data/jrc_ut21-1413-003/jrc_ut21-1413-003.zarr","recon-1/em/fibsem-uint8","data/jrc_ut21-1413-003/jrc_ut21-1413-003.zarr","recon-1/labels/groundtruth/crop197/[nuc,er]"
"train","data/jrc_ut21-1413-003/jrc_ut21-1413-003.zarr","recon-1/em/fibsem-uint8","data/jrc_ut21-1413-003/jrc_ut21-1413-003.zarr","recon-1/labels/groundtruth/crop228/[nuc,er]"
"train","data/jrc_ut21-1413-003/jrc_ut21-1413-003.zarr","recon-1/em/fibsem-uint8","data/jrc_ut21-1413-003/jrc_ut21-1413-003.zarr","recon-1/labels/groundtruth/crop198/[nuc,er]"
"train","data/jrc_ut21-1413-003/jrc_ut21-1413-003.zarr","recon-1/em/fibsem-uint8","data/jrc_ut21-1413-003/jrc_ut21-1413-003.zarr","recon-1/labels/groundtruth/crop200/[nuc,er]"
"train","data/jrc_ut21-1413-003/jrc_ut21-1413-003.zarr","recon-1/em/fibsem-uint8","data/jrc_ut21-1413-003/jrc_ut21-1413-003.zarr","recon-1/labels/groundtruth/crop226/[nuc,er]"
